"ip_address","Country","City","Region","lat","lon","zip","index","postal.num","county_name","city","state_name"
"1","68.37.21.125","United States","Allen Park","Michigan",42.2575,-83.211,48101,48101,1,"Wayne","Allen Park","Michigan"
"2","68.10.255.89","United States","Chesapeake","Virginia",36.819,-76.2749,23324,23324,1,"Chesapeake","Chesapeake","Virginia"
"3","152.33.17.196","United States","Elon","North Carolina",36.1029,-79.5067,27244,27244,1,"Alamance","Elon","North Carolina"
"4","173.55.230.221","United States","Ashburn","Virginia",39.0373,-77.4805,20147,20147,7,"Loudoun","Ashburn","Virginia"
"5","108.0.97.192","United States","Ashburn","Virginia",39.0373,-77.4805,20147,20147,7,"Loudoun","Ashburn","Virginia"
"6","71.104.227.53","United States","Ashburn","Virginia",39.0373,-77.4805,20147,20147,7,"Loudoun","Ashburn","Virginia"
"7","173.64.208.79","United States","Ashburn","Virginia",39.0373,-77.4805,20147,20147,7,"Loudoun","Ashburn","Virginia"
"8","173.74.110.29","United States","Ashburn","Virginia",39.0373,-77.4805,20147,20147,7,"Loudoun","Ashburn","Virginia"
"9","96.251.181.146","United States","Ashburn","Virginia",39.0373,-77.4805,20147,20147,7,"Loudoun","Ashburn","Virginia"
"10","38.101.186.130","United States","Ashburn","Virginia",39.0373,-77.4805,20147,20147,7,"Loudoun","Ashburn","Virginia"
"11","71.65.36.98","United States","Washington Court House","Ohio",39.5365,-83.4391,43160,43160,1,"Fayette","Washington Court House","Ohio"
"12","67.240.139.100","United States","Batavia","New York",42.9829,-78.0898,14143,14143,1,"Genesee","Stafford","New York"
"13","71.185.163.249","United States","Glenside","Pennsylvania",40.1023,-75.1521,19038,19038,1,"Montgomery","Glenside","Pennsylvania"
"14","24.119.136.187","United States","Prescott","Arizona",34.5917,-112.4265,86301,86301,1,"Yavapai","Prescott","Arizona"
"15","98.159.120.164","United States","Marion","Iowa",42.0342,-91.5977,52302,52302,1,"Linn","Marion","Iowa"
"16","192.101.250.250","United States","Alma","Michigan",43.3789,-84.6597,48801,48801,2,"Gratiot","Alma","Michigan"
"17","50.36.74.123","United States","Alma","Michigan",43.3789,-84.6597,48801,48801,2,"Gratiot","Alma","Michigan"
"18","198.228.235.252","United States","Doylestown","Pennsylvania",40.1976,-77.7214,18901,18901,1,"Bucks","Doylestown","Pennsylvania"
"19","173.189.155.229","United States","Dumas","Texas",35.8656,-101.9732,79029,79029,1,"Moore","Dumas","Texas"
"20","208.33.154.138","United States","Stuart","Virginia",36.725,-80.4022,24120,24120,1,"Patrick","Meadows Of Dan","Virginia"
"21","67.10.203.179","United States","Bedford","Texas",32.8536,-97.1358,76021,76021,1,"Tarrant","Bedford","Texas"
"22","75.81.19.89","United States","Lenexa","Kansas",38.9536,-94.7336,66220,66220,1,"Johnson","Lenexa","Kansas"
"23","24.229.117.252","United States","Bethlehem","Pennsylvania",40.6002,-75.3805,18015,18015,1,"Northampton","Bethlehem","Pennsylvania"
"24","68.204.108.97","United States","Kissimmee","Florida",28.268,-81.4675,34746,34746,1,"Osceola","Kissimmee","Florida"
"25","64.189.79.27","United States","Odessa","Texas",31.889,-102.3548,79762,79762,1,"Ector","Odessa","Texas"
"26","134.88.170.184","United States","Smith Mills","Massachusetts",41.639,-70.9912,2747,2747,2,"Bristol","North Dartmouth","Massachusetts"
"27","134.88.151.30","United States","Smith Mills","Massachusetts",41.639,-70.9912,2747,2747,2,"Bristol","North Dartmouth","Massachusetts"
"28","71.54.72.205","United States","Mount Vernon","Ohio",40.3934,-82.4857,43050,43050,1,"Knox","Mount Vernon","Ohio"
"29","76.23.38.38","United States","Holladay","Utah",40.6688,-111.8247,84124,84124,1,"Salt Lake","Salt Lake City","Utah"
"30","184.9.97.155","United States","Rhinelander","Wisconsin",45.6366,-89.4121,54501,54501,1,"Oneida","Rhinelander","Wisconsin"
"31","76.4.189.134","United States","Waynesville","Missouri",37.8287,-92.2007,65583,65583,1,"Pulaski","Waynesville","Missouri"
"32","65.100.197.79","United States","West Jordan","Utah",40.6097,-111.9391,84084,84084,1,"Salt Lake","West Jordan","Utah"
"33","173.75.42.123","United States","Pittsburgh","Pennsylvania",40.4406,-79.9959,15212,15212,3,"Allegheny","Pittsburgh","Pennsylvania"
"34","173.75.43.73","United States","Pittsburgh","Pennsylvania",40.4406,-79.9959,15212,15212,3,"Allegheny","Pittsburgh","Pennsylvania"
"35","128.237.126.60","United States","Pittsburgh","Pennsylvania",40.4406,-79.9959,15212,15212,3,"Allegheny","Pittsburgh","Pennsylvania"
"36","99.187.156.44","United States","Asheville","North Carolina",35.6009,-82.554,28801,28801,1,"Buncombe","Asheville","North Carolina"
"37","71.46.93.149","United States","Carmel","Indiana",39.9784,-86.118,46032,46032,1,"Hamilton","Carmel","Indiana"
"38","174.96.38.22","United States","Danville","Kentucky",37.6456,-84.7722,40422,40422,1,"Boyle","Danville","Kentucky"
"39","173.28.227.22","United States","Columbus","Georgia",32.4779,-84.898,31907,31907,1,"Muscogee","Columbus","Georgia"
"40","146.135.1.3","United States","Wake Forest","North Carolina",35.9799,-78.5097,27587,27587,1,"Wake","Wake Forest","North Carolina"
"41","24.72.162.13","United States","Sour Lake","Texas",30.1402,-94.411,77659,77659,1,"Hardin","Sour Lake","Texas"
"42","24.4.46.92","United States","Santa Maria","California",34.953,-120.4357,93454,93454,1,"Santa Barbara","Santa Maria","California"
"43","71.55.93.167","United States","Kinston","North Carolina",35.163,-77.6928,28525,28525,1,"Lenoir","Deep Run","North Carolina"
"44","204.197.236.192","United States","Fort Polk South","Louisiana",31.0511,-93.2158,71459,71459,1,"Vernon","Fort Polk","Louisiana"
"45","66.177.172.192","United States","Jacksonville","Florida",30.3322,-81.6556,32202,32202,3,"Duval","Jacksonville","Florida"
"46","98.224.59.83","United States","Jacksonville","Florida",30.3322,-81.6556,32202,32202,3,"Duval","Jacksonville","Florida"
"47","24.129.76.219","United States","Jacksonville","Florida",30.3322,-81.6556,32202,32202,3,"Duval","Jacksonville","Florida"
"48","75.44.146.22","United States","Cartersville","Georgia",34.1653,-84.8023,30120,30120,1,"Bartow","Cartersville","Georgia"
"49","24.2.187.182","United States","Revere","Massachusetts",42.4084,-71.012,2151,2151,1,"Suffolk","Revere","Massachusetts"
"50","24.7.65.31","United States","San Pablo","California",37.9622,-122.3455,94806,94806,1,"Contra Costa","San Pablo","California"
"51","98.230.177.83","United States","Atlanta","Georgia",33.9669,-84.3249,30338,30338,2,"DeKalb","Atlanta","Georgia"
"52","98.230.177.83","United States","Atlanta","Georgia",33.9669,-84.3249,30338,30338,2,"DeKalb","Atlanta","Georgia"
"53","184.3.252.87","United States","Monroe","Louisiana",32.5286,-92.1061,71201,71201,2,"Ouachita","Monroe","Louisiana"
"54","67.234.148.33","United States","Monroe","Louisiana",32.5286,-92.1061,71201,71201,2,"Ouachita","Monroe","Louisiana"
"55","217.26.255.205","United States","Bloomingdale","Illinois",41.9575,-88.0809,60108,60108,1,"DuPage","Bloomingdale","Illinois"
"56","50.138.234.255","United States","Mount Laurel","New Jersey",39.934,-74.891,8054,8054,14,"Burlington","Mount Laurel","New Jersey"
"57","73.31.70.9","United States","Mount Laurel","New Jersey",39.934,-74.891,8054,8054,14,"Burlington","Mount Laurel","New Jersey"
"58","50.156.41.183","United States","Mount Laurel","New Jersey",39.934,-74.891,8054,8054,14,"Burlington","Mount Laurel","New Jersey"
"59","50.186.196.164","United States","Mount Laurel","New Jersey",39.934,-74.891,8054,8054,14,"Burlington","Mount Laurel","New Jersey"
"60","50.141.113.98","United States","Mount Laurel","New Jersey",39.934,-74.891,8054,8054,14,"Burlington","Mount Laurel","New Jersey"
"61","50.172.122.120","United States","Mount Laurel","New Jersey",39.934,-74.891,8054,8054,14,"Burlington","Mount Laurel","New Jersey"
"62","50.137.48.103","United States","Mount Laurel","New Jersey",39.934,-74.891,8054,8054,14,"Burlington","Mount Laurel","New Jersey"
"63","50.129.128.174","United States","Mount Laurel","New Jersey",39.934,-74.891,8054,8054,14,"Burlington","Mount Laurel","New Jersey"
"64","50.179.102.207","United States","Mount Laurel","New Jersey",39.934,-74.891,8054,8054,14,"Burlington","Mount Laurel","New Jersey"
"65","50.150.4.253","United States","Mount Laurel","New Jersey",39.934,-74.891,8054,8054,14,"Burlington","Mount Laurel","New Jersey"
"66","50.176.145.214","United States","Mount Laurel","New Jersey",39.934,-74.891,8054,8054,14,"Burlington","Mount Laurel","New Jersey"
"67","50.155.42.155","United States","Mount Laurel","New Jersey",39.934,-74.891,8054,8054,14,"Burlington","Mount Laurel","New Jersey"
"68","50.155.42.155","United States","Mount Laurel","New Jersey",39.934,-74.891,8054,8054,14,"Burlington","Mount Laurel","New Jersey"
"69","50.170.178.39","United States","Mount Laurel","New Jersey",39.934,-74.891,8054,8054,14,"Burlington","Mount Laurel","New Jersey"
"70","108.66.20.109","United States","Trowbridge","California",38.8115,-121.4982,95668,95668,1,"Sutter","Pleasant Grove","California"
"71","71.43.49.42","United States","Melbourne","Florida",28.0691,-80.62,32901,32901,1,"Brevard","Melbourne","Florida"
"72","107.15.41.197","United States","Durham","North Carolina",35.9631,-78.9315,27707,27707,1,"Durham","Durham","North Carolina"
"73","24.117.207.111","United States","Grenada","Mississippi",33.7751,-89.8087,38901,38901,1,"Grenada","Grenada","Mississippi"
"74","69.122.255.230","United States","Englishtown","New Jersey",40.2973,-74.3582,7726,7726,3,"Monmouth","Englishtown","New Jersey"
"75","69.122.255.230","United States","Englishtown","New Jersey",40.2973,-74.3582,7726,7726,3,"Monmouth","Englishtown","New Jersey"
"76","69.122.255.230","United States","Englishtown","New Jersey",40.2973,-74.3582,7726,7726,3,"Monmouth","Englishtown","New Jersey"
"77","74.110.8.213","United States","Lackawanna","New York",42.8256,-78.8234,14218,14218,1,"Erie","Buffalo","New York"
"78","24.176.186.50","United States","South Lake Tahoe","California",38.917,-119.9865,96150,96150,1,"El Dorado","South Lake Tahoe","California"
"79","76.104.26.181","United States","Charlottesville","Virginia",38.0293,-78.4767,22902,22902,1,"Charlottesville","Charlottesville","Virginia"
"80","208.54.86.163","United States","Dallas","Texas",32.7831,-96.8067,75270,75270,3,"Dallas","Dallas","Texas"
"81","166.137.126.115","United States","Dallas","Texas",32.7831,-96.8067,75270,75270,3,"Dallas","Dallas","Texas"
"82","209.58.144.209","United States","Dallas","Texas",32.7831,-96.8067,75270,75270,3,"Dallas","Dallas","Texas"
"83","173.45.185.240","United States","Trumansburg","New York",42.5423,-76.6661,14886,14886,1,"Seneca","Trumansburg","New York"
"84","184.6.158.66","United States","Las Vegas","Nevada",36.1781,-115.3183,89144,89144,1,"Clark","Las Vegas","Nevada"
"85","68.199.109.203","United States","Spring Valley","New York",41.1131,-74.0438,10977,10977,1,"Rockland","Spring Valley","New York"
"86","98.122.50.38","United States","Irmo","South Carolina",34.086,-81.1831,29063,29063,1,"Richland","Irmo","South Carolina"
"87","108.220.126.125","United States","Flowery Branch","Georgia",34.1851,-83.9252,30542,30542,1,"Hall","Flowery Branch","Georgia"
"88","199.188.237.212","United States","Westerville","Ohio",40.1524,-82.882,43082,43082,1,"Delaware","Westerville","Ohio"
"89","24.38.202.47","United States","New York City","New York",40.7143,-74.006,10004,10004,14,"New York","New York","New York"
"90","68.195.99.156","United States","New York City","New York",40.7143,-74.006,10004,10004,14,"New York","New York","New York"
"91","96.246.22.214","United States","New York City","New York",40.7143,-74.006,10004,10004,14,"New York","New York","New York"
"92","24.190.23.149","United States","New York City","New York",40.7143,-74.006,10004,10004,14,"New York","New York","New York"
"93","77.234.44.134","United States","New York City","New York",40.7143,-74.006,10004,10004,14,"New York","New York","New York"
"94","98.116.165.190","United States","New York City","New York",40.7143,-74.006,10004,10004,14,"New York","New York","New York"
"95","68.132.5.70","United States","New York City","New York",40.7143,-74.006,10004,10004,14,"New York","New York","New York"
"96","172.104.117.118","United States","New York City","New York",40.7143,-74.006,10004,10004,14,"New York","New York","New York"
"97","198.105.46.237","United States","New York City","New York",40.7143,-74.006,10004,10004,14,"New York","New York","New York"
"98","172.68.26.30","United States","New York City","New York",40.7143,-74.006,10004,10004,14,"New York","New York","New York"
"99","162.158.69.171","United States","New York City","New York",40.7143,-74.006,10004,10004,14,"New York","New York","New York"
"100","188.114.102.215","United States","New York City","New York",40.7143,-74.006,10004,10004,14,"New York","New York","New York"
"101","188.114.102.5","United States","New York City","New York",40.7143,-74.006,10004,10004,14,"New York","New York","New York"
"102","172.68.27.247","United States","New York City","New York",40.7143,-74.006,10004,10004,14,"New York","New York","New York"
"103","66.8.252.143","United States","Honolulu","Hawaii",21.2887,-157.8006,96816,96816,1,"Honolulu","Honolulu","Hawaii"
"104","69.29.216.200","United States","Ozark","Missouri",37.0209,-93.206,65721,65721,1,"Christian","Ozark","Missouri"
"105","70.194.210.239","United States","Livingston","New Jersey",40.7959,-74.3149,7039,7039,7,"Essex","Livingston","New Jersey"
"106","70.208.199.160","United States","Livingston","New Jersey",40.7959,-74.3149,7039,7039,7,"Essex","Livingston","New Jersey"
"107","70.196.141.59","United States","Livingston","New Jersey",40.7959,-74.3149,7039,7039,7,"Essex","Livingston","New Jersey"
"108","70.193.142.59","United States","Livingston","New Jersey",40.7959,-74.3149,7039,7039,7,"Essex","Livingston","New Jersey"
"109","70.215.8.197","United States","Livingston","New Jersey",40.7959,-74.3149,7039,7039,7,"Essex","Livingston","New Jersey"
"110","70.208.144.186","United States","Livingston","New Jersey",40.7959,-74.3149,7039,7039,7,"Essex","Livingston","New Jersey"
"111","173.54.16.131","United States","Livingston","New Jersey",40.7959,-74.3149,7039,7039,7,"Essex","Livingston","New Jersey"
"112","69.117.96.250","United States","Hampton Bays","New York",40.869,-72.5176,11946,11946,1,"Suffolk","Hampton Bays","New York"
"113","98.234.240.158","United States","Livermore","California",37.6819,-121.768,94550,94550,1,"Alameda","Livermore","California"
"114","198.237.16.78","United States","Roseburg","Oregon",43.2165,-123.3417,97470,97470,3,"Douglas","Roseburg","Oregon"
"115","198.237.16.78","United States","Roseburg","Oregon",43.2165,-123.3417,97470,97470,3,"Douglas","Roseburg","Oregon"
"116","198.237.16.79","United States","Roseburg","Oregon",43.2165,-123.3417,97470,97470,3,"Douglas","Roseburg","Oregon"
"117","65.26.125.141","United States","Kansas City","Kansas",39.0694,-94.7178,66106,66106,1,"Wyandotte","Kansas City","Kansas"
"118","199.187.249.32","United States","Coldspring","Texas",30.5924,-95.1294,77331,77331,1,"San Jacinto","Coldspring","Texas"
"119","74.118.32.5","United States","Anaheim","California",33.8359,-117.9086,92805,92805,1,"Orange","Anaheim","California"
"120","192.241.218.131","United States","San Francisco","California",37.7309,-122.3886,94124,94124,1,"San Francisco","San Francisco","California"
"121","216.186.29.234","United States","Everett","Washington",47.9017,-122.2472,98204,98204,1,"Snohomish","Everett","Washington"
"122","66.171.229.57","United States","Torrance","California",33.8359,-118.3406,90503,90503,1,"Los Angeles","Torrance","California"
"123","72.105.113.82","United States","Springfield","Missouri",37.1852,-93.2057,65809,65809,1,"Greene","Springfield","Missouri"
"124","24.205.27.253","United States","Monterey Park","California",34.0534,-118.1271,91754,91754,1,"Los Angeles","Monterey Park","California"
"125","65.12.171.95","United States","Cumming","Georgia",34.2073,-84.1402,30040,30040,3,"Forsyth","Cumming","Georgia"
"126","65.12.171.95","United States","Cumming","Georgia",34.2073,-84.1402,30040,30040,3,"Forsyth","Cumming","Georgia"
"127","65.12.171.95","United States","Cumming","Georgia",34.2073,-84.1402,30040,30040,3,"Forsyth","Cumming","Georgia"
"128","131.247.226.153","United States","Tampa","Florida",27.9475,-82.4584,33606,33606,1,"Hillsborough","Tampa","Florida"
"129","71.200.93.46","United States","Fenwick Island","Delaware",38.4623,-75.0513,19944,19944,1,"Sussex","Fenwick Island","Delaware"
"130","172.56.11.222","United States","Detroit","Michigan",42.3314,-83.0457,48226,48226,4,"Wayne","Detroit","Michigan"
"131","68.49.247.84","United States","Detroit","Michigan",42.3314,-83.0457,48226,48226,4,"Wayne","Detroit","Michigan"
"132","172.56.10.235","United States","Detroit","Michigan",42.3314,-83.0457,48226,48226,4,"Wayne","Detroit","Michigan"
"133","172.56.11.170","United States","Detroit","Michigan",42.3314,-83.0457,48226,48226,4,"Wayne","Detroit","Michigan"
"134","64.134.230.199","United States","Austin","Texas",30.1876,-97.7472,78744,78744,1,"Travis","Austin","Texas"
"135","24.13.227.219","United States","Winnetka","Illinois",42.1081,-87.7359,60093,60093,1,"Cook","Winnetka","Illinois"
"136","173.175.52.136","United States","Woodway","Texas",31.506,-97.205,76712,76712,1,"McLennan","Woodway","Texas"
"137","98.95.228.129","United States","Seattle","Washington",47.5413,-122.3129,98108,98108,2,"King","Seattle","Washington"
"138","98.90.165.250","United States","Seattle","Washington",47.5413,-122.3129,98108,98108,2,"King","Seattle","Washington"
"139","207.233.84.11","United States","Fullerton","California",33.8873,-117.8946,92831,92831,2,"Orange","Fullerton","California"
"140","207.233.84.11","United States","Fullerton","California",33.8873,-117.8946,92831,92831,2,"Orange","Fullerton","California"
"141","24.101.147.165","United States","Austintown","Ohio",41.1017,-80.7645,44515,44515,2,"Mahoning","Youngstown","Ohio"
"142","24.101.147.165","United States","Austintown","Ohio",41.1017,-80.7645,44515,44515,2,"Mahoning","Youngstown","Ohio"
"143","50.80.10.7","United States","Gulf Shores","Alabama",30.2717,-87.7589,36542,36542,1,"Baldwin","Gulf Shores","Alabama"
"144","170.24.128.194","United States","Westbury","New York",40.7557,-73.5876,11590,11590,1,"Nassau","Westbury","New York"
"145","198.200.158.140","United States","Harvest","Alabama",34.8556,-86.7508,35749,35749,1,"Madison","Harvest","Alabama"
"146","66.211.238.237","United States","Erie","Pennsylvania",42.1109,-80.1534,16505,16505,1,"Erie","Erie","Pennsylvania"
"147","67.236.240.25","United States","Syracuse","Indiana",41.4278,-85.7525,46567,46567,1,"Kosciusko","Syracuse","Indiana"
"148","71.219.220.101","United States","Colorado Springs","Colorado",39.0487,-104.814,80921,80921,1,"El Paso","Colorado Springs","Colorado"
"149","72.182.111.186","United States","Austin","Texas",30.3093,-97.7242,78751,78751,1,"Travis","Austin","Texas"
"150","68.116.126.28","United States","Medford","Oregon",42.2818,-122.9054,97501,97501,1,"Jackson","Medford","Oregon"
"151","98.248.240.249","United States","Newark","California",37.5297,-122.0402,94560,94560,1,"Alameda","Newark","California"
"152","99.92.245.227","United States","Rockwall","Texas",32.9312,-96.4597,75087,75087,1,"Rockwall","Rockwall","Texas"
"153","70.130.130.74","United States","Redmond","Washington",47.674,-122.1215,98052,98052,2,"King","Redmond","Washington"
"154","24.16.40.211","United States","Redmond","Washington",47.674,-122.1215,98052,98052,2,"King","Redmond","Washington"
"155","108.29.92.205","United States","Freeport","New York",40.6576,-73.5832,11520,11520,1,"Nassau","Freeport","New York"
"156","69.35.216.61","United States","Germantown","Maryland",39.188,-77.2358,20876,20876,2,"Montgomery","Germantown","Maryland"
"157","66.82.162.75","United States","Germantown","Maryland",39.188,-77.2358,20876,20876,2,"Montgomery","Germantown","Maryland"
"158","209.6.245.180","United States","Herndon","Virginia",38.9839,-77.3675,20170,20170,1,"Fairfax","Herndon","Virginia"
"159","68.38.85.240","United States","Shelbyville","Indiana",39.5214,-85.7769,46176,46176,1,"Shelby","Shelbyville","Indiana"
"160","67.246.151.74","United States","Rochester","New York",43.1685,-77.6845,14606,14606,2,"Monroe","Rochester","New York"
"161","74.78.35.229","United States","Rochester","New York",43.1685,-77.6845,14606,14606,2,"Monroe","Rochester","New York"
"162","23.81.47.96","United States","Phoenix","Arizona",33.6731,-111.9461,85054,85054,1,"Maricopa","Phoenix","Arizona"
"163","104.58.232.7","United States","Fort Worth","Texas",32.7254,-97.3208,76104,76104,1,"Tarrant","Fort Worth","Texas"
"164","67.149.243.142","United States","Dearborn","Michigan",42.3223,-83.1763,48120,48120,1,"Wayne","Dearborn","Michigan"
"165","68.111.91.9","United States","San Clemente","California",33.427,-117.612,92672,92672,1,"Orange","San Clemente","California"
"166","69.120.9.104","United States","Peekskill","New York",41.2901,-73.9204,10566,10566,4,"Westchester","Peekskill","New York"
"167","69.120.10.64","United States","Peekskill","New York",41.2901,-73.9204,10566,10566,4,"Westchester","Peekskill","New York"
"168","69.120.10.64","United States","Peekskill","New York",41.2901,-73.9204,10566,10566,4,"Westchester","Peekskill","New York"
"169","69.120.9.58","United States","Peekskill","New York",41.2901,-73.9204,10566,10566,4,"Westchester","Peekskill","New York"
"170","74.229.175.155","United States","Quitman","Mississippi",32.0401,-88.7281,39355,39355,1,"Clarke","Quitman","Mississippi"
"171","184.89.163.201","United States","Altamonte Springs","Florida",28.6625,-81.4117,32714,32714,1,"Seminole","Altamonte Springs","Florida"
"172","142.196.7.191","United States","Daytona Beach","Florida",29.2219,-81.0095,32118,32118,2,"Volusia","Daytona Beach","Florida"
"173","142.196.7.191","United States","Daytona Beach","Florida",29.2219,-81.0095,32118,32118,2,"Volusia","Daytona Beach","Florida"
"174","75.54.22.115","United States","San Bruno","California",37.6305,-122.4111,94066,94066,1,"San Mateo","San Bruno","California"
"175","24.93.247.191","United States","Somerset","Kentucky",37.1029,-84.5443,42501,42501,1,"Pulaski","Somerset","Kentucky"
"176","24.240.86.11","United States","Sun Prairie","Wisconsin",43.1836,-89.2137,53590,53590,1,"Dane","Sun Prairie","Wisconsin"
"177","74.120.221.158","United States","Centreville","Virginia",38.8404,-77.4289,20120,20120,1,"Fairfax","Centreville","Virginia"
"178","108.244.133.138","United States","Cocoa","Florida",28.3861,-80.742,32922,32922,2,"Brevard","Cocoa","Florida"
"179","184.88.75.206","United States","Cocoa","Florida",28.3861,-80.742,32922,32922,2,"Brevard","Cocoa","Florida"
"180","204.14.13.132","United States","Enola","Pennsylvania",40.3078,-76.9312,17093,17093,1,"Cumberland","Summerdale","Pennsylvania"
"181","173.73.205.89","United States","Aspen Hill","Maryland",39.0795,-77.073,20906,20906,1,"Montgomery","Silver Spring","Maryland"
"182","24.210.147.32","United States","Cincinnati","Ohio",39.1516,-84.4278,45209,45209,1,"Hamilton","Cincinnati","Ohio"
"183","108.78.214.147","United States","Charlotte","North Carolina",35.2271,-80.8431,28202,28202,1,"Mecklenburg","Charlotte","North Carolina"
"184","174.64.17.159","United States","Baton Rouge","Louisiana",30.4433,-91.1875,70801,70801,1,"East Baton Rouge","Baton Rouge","Louisiana"
"185","73.236.59.114","United States","Aliquippa","Pennsylvania",40.6367,-80.2401,15001,15001,1,"Beaver","Aliquippa","Pennsylvania"
"186","76.188.26.243","United States","Mansfield","Ohio",40.7627,-82.5593,44906,44906,1,"Richland","Mansfield","Ohio"
"187","45.27.220.130","United States","Spring","Texas",30.1044,-95.5066,77389,77389,1,"Harris","Spring","Texas"
"188","67.242.166.62","United States","Troy","New York",42.7829,-73.6648,12182,12182,1,"Rensselaer","Troy","New York"
"189","184.57.9.189","United States","Columbus","Ohio",40.0999,-83.0157,43085,43085,2,"Franklin","Columbus","Ohio"
"190","174.101.245.83","United States","Columbus","Ohio",40.0999,-83.0157,43085,43085,2,"Franklin","Columbus","Ohio"
"191","104.176.70.251","United States","Wheaton","Illinois",41.8661,-88.107,60187,60187,1,"DuPage","Wheaton","Illinois"
"192","24.61.214.45","United States","Stoneham","Massachusetts",42.4801,-71.0995,2180,2180,1,"Middlesex","Stoneham","Massachusetts"
"193","18.111.82.225","United States","Seattle","Washington",47.6339,-122.3476,98109,98109,2,"King","Seattle","Washington"
"194","18.111.103.215","United States","Seattle","Washington",47.6339,-122.3476,98109,98109,2,"King","Seattle","Washington"
"195","104.246.49.202","United States","Bayonne","New Jersey",40.6687,-74.1143,7002,7002,1,"Hudson","Bayonne","New Jersey"
"196","50.5.157.33","United States","Union","Kentucky",38.9459,-84.6805,41091,41091,1,"Boone","Union","Kentucky"
"197","71.10.126.3","United States","Wausau","Wisconsin",44.9591,-89.6301,54401,54401,1,"Marathon","Wausau","Wisconsin"
"198","130.71.237.157","United States","Northfield","Minnesota",44.4583,-93.1616,55057,55057,1,"Rice","Northfield","Minnesota"
"199","69.142.36.165","United States","Beach Haven","New Jersey",39.5593,-74.2432,8008,8008,1,"Ocean","Beach Haven","New Jersey"
"200","174.30.16.88","United States","Garwood","New Jersey",40.6518,-74.3229,7027,7027,2,"Union","Garwood","New Jersey"
"201","170.72.36.115","United States","Garwood","New Jersey",40.6518,-74.3229,7027,7027,2,"Union","Garwood","New Jersey"
"202","73.147.173.97","United States","Richmond","Virginia",37.5538,-77.4603,23173,23173,1,"Richmond","Richmond","Virginia"
"203","24.14.97.101","United States","Saint Charles","Illinois",41.9142,-88.3087,60174,60174,1,"Kane","Saint Charles","Illinois"
"204","107.15.118.25","United States","Apex","North Carolina",35.7225,-78.8408,27523,27523,1,"Wake","Apex","North Carolina"
"205","68.196.136.78","United States","Manorville","New York",40.8737,-72.8079,11949,11949,1,"Suffolk","Manorville","New York"
"206","66.17.126.150","United States","Brookings","South Dakota",44.3114,-96.7984,57006,57006,1,"Brookings","Brookings","South Dakota"
"207","24.163.138.126","United States","Menomonee Falls","Wisconsin",43.1602,-88.1128,53051,53051,1,"Waukesha","Menomonee Falls","Wisconsin"
"208","99.91.232.238","United States","Dayton","Ohio",39.7589,-84.1916,45402,45402,1,"Montgomery","Dayton","Ohio"
"209","72.185.252.8","United States","Tampa","Florida",27.9425,-82.5057,33609,33609,1,"Hillsborough","Tampa","Florida"
"210","68.118.145.214","United States","Canoga Park","California",34.2011,-118.5981,91303,91303,1,"Los Angeles","Canoga Park","California"
"211","68.229.64.34","United States","East Greenwich","Rhode Island",41.6604,-71.4559,2818,2818,1,"Kent","East Greenwich","Rhode Island"
"212","71.10.232.145","United States","Chicopee","Massachusetts",42.1764,-72.5761,1020,1020,3,"Hampden","Chicopee","Massachusetts"
"213","97.80.104.184","United States","Chicopee","Massachusetts",42.1764,-72.5761,1020,1020,3,"Hampden","Chicopee","Massachusetts"
"214","75.134.243.76","United States","Chicopee","Massachusetts",42.1764,-72.5761,1020,1020,3,"Hampden","Chicopee","Massachusetts"
"215","70.95.147.115","United States","San Diego","California",32.9555,-117.2252,92130,92130,1,"San Diego","San Diego","California"
"216","70.184.8.63","United States","Cumberland","Rhode Island",41.9668,-71.4328,2864,2864,1,"Providence","Cumberland","Rhode Island"
"217","71.82.96.51","United States","Bay Harbor","Michigan",45.3641,-85.0821,49770,49770,1,"Emmet","Petoskey","Michigan"
"218","68.196.182.137","United States","Smithtown","New York",40.8559,-73.2007,11787,11787,2,"Suffolk","Smithtown","New York"
"219","68.196.182.137","United States","Smithtown","New York",40.8559,-73.2007,11787,11787,2,"Suffolk","Smithtown","New York"
"220","72.196.96.2","United States","Gainesville","Florida",29.6516,-82.3248,32601,32601,1,"Alachua","Gainesville","Florida"
"221","104.5.117.88","United States","Rancho Santa Fe","California",33.0203,-117.2028,92067,92067,1,"San Diego","Rancho Santa Fe","California"
"222","208.54.4.240","United States","San Francisco","California",37.7749,-122.4194,94103,94103,1,"San Francisco","San Francisco","California"
"223","76.186.81.155","United States","Arlington","Texas",32.6931,-97.1347,76015,76015,1,"Tarrant","Arlington","Texas"
"224","50.5.12.133","United States","Milford","Ohio",39.1753,-84.2944,45150,45150,1,"Clermont","Milford","Ohio"
"225","67.214.21.64","United States","Ephrata","Pennsylvania",40.1798,-76.1788,17522,17522,1,"Lancaster","Ephrata","Pennsylvania"
"226","71.232.21.81","United States","Boston","Massachusetts",42.3584,-71.0598,2109,2109,3,"Suffolk","Boston","Massachusetts"
"227","71.255.161.81","United States","Boston","Massachusetts",42.3584,-71.0598,2109,2109,3,"Suffolk","Boston","Massachusetts"
"228","172.68.54.23","United States","Boston","Massachusetts",42.3584,-71.0598,2109,2109,3,"Suffolk","Boston","Massachusetts"
"229","72.221.85.103","United States","Westerly","Rhode Island",41.3776,-71.8273,2891,2891,1,"Washington","Westerly","Rhode Island"
"230","107.140.9.50","United States","Holly","Michigan",42.792,-83.6277,48442,48442,1,"Oakland","Holly","Michigan"
"231","23.27.245.59","United States","San Jose","California",37.3329,-121.8916,95113,95113,1,"Santa Clara","San Jose","California"
"232","74.135.106.81","United States","Owensboro","Kentucky",37.7513,-87.1554,42301,42301,1,"Daviess","Owensboro","Kentucky"
"233","45.56.148.201","United States","Financial District","New York",40.7185,-74.0025,10013,10013,1,"New York","New York","New York"
"234","107.185.95.33","United States","Costa Mesa","California",33.6801,-117.9085,92626,92626,1,"Orange","Costa Mesa","California"
"235","76.101.192.180","United States","Naples Park","Florida",26.2617,-81.8093,34108,34108,1,"Collier","Naples","Florida"
"236","67.190.111.28","United States","Broomfield","Colorado",39.9205,-105.0867,80023,80023,1,"Broomfield","Broomfield","Colorado"
"237","97.91.0.117","United States","Grand Haven","Michigan",43.0631,-86.2284,49417,49417,1,"Ottawa","Grand Haven","Michigan"
"238","45.55.199.109","United States","Clifton","New Jersey",40.8344,-74.1377,7014,7014,2,"Passaic","Clifton","New Jersey"
"239","45.55.174.182","United States","Clifton","New Jersey",40.8344,-74.1377,7014,7014,2,"Passaic","Clifton","New Jersey"
"240","75.108.196.13","United States","Atascocita","Texas",30.0569,-95.1835,77339,77339,1,"Harris","Kingwood","Texas"
"241","173.168.112.205","United States","North Weeki Wachee","Florida",28.5501,-82.5589,34613,34613,1,"Hernando","Brooksville","Florida"
"242","24.113.78.148","United States","Silverdale","Washington",47.6445,-122.6949,98383,98383,1,"Kitsap","Silverdale","Washington"
"243","108.15.23.253","United States","Elkridge","Maryland",39.2126,-76.7136,21075,21075,1,"Howard","Elkridge","Maryland"
"244","159.118.22.243","United States","Joplin","Missouri",37.0969,-94.5051,64801,64801,1,"Jasper","Joplin","Missouri"
"245","100.42.168.50","United States","Winston","Oregon",43.1223,-123.4126,97496,97496,1,"Douglas","Winston","Oregon"
"246","73.163.84.162","United States","Washington","Virginia",38.7135,-78.1594,22747,22747,3,"Rappahannock","Washington","Virginia"
"247","2600:387:3:800::6","United States","Washington","Virginia",38.7135,-78.1594,22747,22747,3,"Rappahannock","Washington","Virginia"
"248","2600:387:3:803::5","United States","Washington","Virginia",38.7135,-78.1594,22747,22747,3,"Rappahannock","Washington","Virginia"
"249","74.193.2.247","United States","Conroe","Texas",30.3119,-95.4561,77301,77301,1,"Montgomery","Conroe","Texas"
"250","24.63.2.104","United States","Walpole","Massachusetts",42.1418,-71.2495,2081,2081,1,"Norfolk","Walpole","Massachusetts"
"251","67.41.50.136","United States","Fort Irwin","California",35.2627,-116.6847,92310,92310,1,"San Bernardino","Fort Irwin","California"
"252","98.31.61.214","United States","Marion","Ohio",40.5887,-83.1285,43302,43302,2,"Marion","Marion","Ohio"
"253","98.31.61.214","United States","Marion","Ohio",40.5887,-83.1285,43302,43302,2,"Marion","Marion","Ohio"
"254","72.74.150.202","United States","North Andover","Massachusetts",42.6987,-71.1351,1845,1845,1,"Essex","North Andover","Massachusetts"
"255","184.181.123.146","United States","San Pedro","California",33.7358,-118.2923,90731,90731,1,"Los Angeles","San Pedro","California"
"256","68.8.38.141","United States","San Diego","California",32.7157,-117.1647,92101,92101,2,"San Diego","San Diego","California"
"257","23.122.137.254","United States","San Diego","California",32.7157,-117.1647,92101,92101,2,"San Diego","San Diego","California"
"258","24.46.247.10","United States","Huntington Station","New York",40.8534,-73.4115,11746,11746,1,"Suffolk","Huntington Station","New York"
"259","66.30.21.57","United States","Wakefield","Massachusetts",42.5065,-71.0728,1880,1880,1,"Middlesex","Wakefield","Massachusetts"
"260","184.7.184.136","United States","Rocky Mount","North Carolina",35.9382,-77.7905,27803,27803,1,"Nash","Rocky Mount","North Carolina"
"261","72.173.210.71","United States","Newaygo","Michigan",43.4197,-85.8,49337,49337,1,"Newaygo","Newaygo","Michigan"
"262","70.95.14.121","United States","San Diego","California",32.8919,-117.2035,92121,92121,1,"San Diego","San Diego","California"
"263","66.87.114.244","United States","Akron","Ohio",41.0814,-81.519,44304,44304,1,"Summit","Akron","Ohio"
"264","184.183.114.72","United States","Hailey","Idaho",43.5196,-114.3153,83333,83333,1,"Blaine","Hailey","Idaho"
"265","208.114.92.19","United States","Atchison","Kansas",39.563,-95.1216,66002,66002,1,"Atchison","Atchison","Kansas"
"266","76.28.67.203","United States","Turners Falls","Massachusetts",42.6043,-72.5565,1376,1376,1,"Franklin","Turners Falls","Massachusetts"
"267","69.144.180.213","United States","Kalispell","Montana",48.1958,-114.3129,59901,59901,1,"Flathead","Kalispell","Montana"
"268","68.98.169.180","United States","Burke","Virginia",38.7934,-77.2716,22015,22015,1,"Fairfax","Burke","Virginia"
"269","172.58.16.128","United States","Irvine","California",33.6695,-117.8231,92612,92612,1,"Orange","Irvine","California"
"270","100.14.176.115","United States","Norristown","Pennsylvania",40.1215,-75.3399,19401,19401,1,"Montgomery","Norristown","Pennsylvania"
"271","71.92.144.183","United States","The Dalles","Oregon",45.5946,-121.1787,97058,97058,1,"Wasco","The Dalles","Oregon"
"272","173.91.34.64","United States","Cleveland","Ohio",41.501,-81.4694,44124,44124,1,"Cuyahoga","Cleveland","Ohio"
"273","75.135.59.164","United States","Grand Island","Nebraska",40.9286,-98.3873,68803,68803,1,"Hall","Grand Island","Nebraska"
"274","96.32.137.28","United States","Athens","Georgia",33.9461,-83.418,30606,30606,1,"Clarke","Athens","Georgia"
"275","174.100.167.116","United States","Shaker Heights","Ohio",41.4739,-81.5371,44122,44122,1,"Cuyahoga","Beachwood","Ohio"
"276","65.130.207.240","United States","Herriman","Utah",40.5141,-112.033,84096,84096,1,"Salt Lake","Herriman","Utah"
"277","173.216.232.203","United States","Mountain Home","Arkansas",36.3312,-92.3753,72653,72653,1,"Baxter","Mountain Home","Arkansas"
"278","50.53.9.254","United States","Beaverton","Oregon",45.4505,-122.8652,97007,97007,2,"Washington","Beaverton","Oregon"
"279","173.87.38.234","United States","Beaverton","Oregon",45.4505,-122.8652,97007,97007,2,"Washington","Beaverton","Oregon"
"280","99.196.200.97","United States","Carlsbad","California",33.1072,-117.2943,92011,92011,1,"San Diego","Carlsbad","California"
"281","23.247.155.5","United States","Charleston","South Carolina",32.7795,-79.9371,29401,29401,1,"Charleston","Charleston","South Carolina"
"282","148.75.91.64","United States","Randolph","New Jersey",40.8483,-74.5815,7869,7869,1,"Morris","Randolph","New Jersey"
"283","146.185.26.230","United States","Providence","Utah",41.7063,-111.8172,84332,84332,2,"Cache","Providence","Utah"
"284","206.190.145.84","United States","Providence","Utah",41.7063,-111.8172,84332,84332,2,"Cache","Providence","Utah"
"285","104.32.22.9","United States","Ventura","California",34.2846,-119.2222,93003,93003,1,"Ventura","Ventura","California"
"286","172.113.162.90","United States","Huntington Beach","California",33.6654,-117.9686,92646,92646,1,"Orange","Huntington Beach","California"
"287","143.105.217.24","United States","Cleveland","Ohio",41.5008,-81.5516,44118,44118,1,"Cuyahoga","Cleveland","Ohio"
"288","173.169.26.8","United States","Bradenton","Florida",27.45,-82.3773,34211,34211,1,"Manatee","Bradenton","Florida"
"289","66.249.84.221","United States","Mountain View","California",37.4056,-122.0775,94043,94043,1,"Santa Clara","Mountain View","California"
"290","68.42.231.149","United States","Garden City","Michigan",42.3256,-83.331,48135,48135,1,"Wayne","Garden City","Michigan"
"291","162.243.51.88","United States","Gramercy Park","New York",40.7402,-73.9996,10011,10011,2,"New York","New York","New York"
"292","107.170.44.91","United States","Gramercy Park","New York",40.7402,-73.9996,10011,10011,2,"New York","New York","New York"
"293","108.21.61.233","United States","Levittown","New York",40.7259,-73.5143,11756,11756,2,"Nassau","Levittown","New York"
"294","173.2.49.46","United States","Levittown","New York",40.7259,-73.5143,11756,11756,2,"Nassau","Levittown","New York"
"295","104.137.108.23","United States","Cantonment","Florida",30.6085,-87.34,32533,32533,1,"Escambia","Cantonment","Florida"
"296","70.127.213.169","United States","Gulfport","Florida",27.7484,-82.7034,33711,33711,1,"Pinellas","Saint Petersburg","Florida"
"297","67.8.39.179","United States","Orlando","Florida",28.5725,-81.1219,32820,32820,1,"Orange","Orlando","Florida"
"298","98.253.148.82","United States","South Bend","Indiana",41.6834,-86.25,46601,46601,1,"St. Joseph","South Bend","Indiana"
"299","68.228.54.225","United States","Goodyear","Arizona",33.4353,-112.3582,85338,85338,1,"Maricopa","Goodyear","Arizona"
"300","184.180.152.134","United States","Chantilly","Virginia",38.8943,-77.4311,20151,20151,1,"Fairfax","Chantilly","Virginia"
"301","97.87.58.68","United States","Madison","Wisconsin",43.0631,-89.3133,53716,53716,1,"Dane","Madison","Wisconsin"
"302","50.127.35.174","United States","Fort Wayne","Indiana",41.048,-85.1135,46806,46806,1,"Allen","Fort Wayne","Indiana"
"303","71.15.44.40","United States","Slidell","Louisiana",30.2916,-89.8129,70460,70460,1,"St. Tammany","Slidell","Louisiana"
"304","208.99.105.155","United States","Ringgold","Georgia",34.9159,-85.1091,30736,30736,1,"Catoosa","Ringgold","Georgia"
"305","76.5.243.227","United States","Port Jefferson","Ohio",40.3287,-84.0944,45360,45360,1,"Shelby","Port Jefferson","Ohio"
"306","173.90.92.44","United States","Bolivar","Ohio",40.6501,-81.4521,44612,44612,1,"Tuscarawas","Bolivar","Ohio"
"307","71.82.255.209","United States","Juneau","Wisconsin",43.4055,-88.7051,53039,53039,1,"Dodge","Juneau","Wisconsin"
"308","76.11.172.116","United States","Mitchell","Indiana",38.7328,-86.4736,47446,47446,2,"Lawrence","Mitchell","Indiana"
"309","76.11.172.116","United States","Mitchell","Indiana",38.7328,-86.4736,47446,47446,2,"Lawrence","Mitchell","Indiana"
"310","24.190.62.167","United States","Fair Lawn","New Jersey",40.9404,-74.1318,7410,7410,1,"Bergen","Fair Lawn","New Jersey"
"311","69.117.172.125","United States","Centereach","New York",40.8584,-73.0995,11720,11720,1,"Suffolk","Centereach","New York"
"312","71.49.87.197","United States","Rogers","Minnesota",45.1889,-93.553,55374,55374,1,"Hennepin","Rogers","Minnesota"
"313","50.27.59.81","United States","Tyler","Texas",32.3254,-95.2922,75701,75701,2,"Smith","Tyler","Texas"
"314","173.81.167.149","United States","Tyler","Texas",32.3254,-95.2922,75701,75701,2,"Smith","Tyler","Texas"
"315","71.245.233.186","United States","Wenham","Massachusetts",42.6043,-70.8912,1984,1984,1,"Essex","Wenham","Massachusetts"
"316","162.216.46.7","United States","Plano","Texas",33.0277,-96.6777,75074,75074,1,"Collin","Plano","Texas"
"317","71.9.78.204","United States","Riverside","California",33.9315,-117.4119,92504,92504,2,"Riverside","Riverside","California"
"318","71.9.65.72","United States","Riverside","California",33.9315,-117.4119,92504,92504,2,"Riverside","Riverside","California"
"319","69.113.105.22","United States","Lynbrook","New York",40.6548,-73.6718,11563,11563,1,"Nassau","Lynbrook","New York"
"320","47.203.57.49","United States","Brandon","Florida",27.9551,-82.2966,33510,33510,1,"Hillsborough","Brandon","Florida"
"321","71.86.52.182","United States","Saint Peters","Missouri",38.8003,-90.6265,63376,63376,1,"St. Charles","Saint Peters","Missouri"
"322","216.26.103.215","United States","Luck","Wisconsin",45.5761,-92.4827,54853,54853,1,"Polk","Luck","Wisconsin"
"323","184.3.106.143","United States","Greenwood","South Carolina",34.1954,-82.1618,29646,29646,1,"Greenwood","Greenwood","South Carolina"
"324","108.24.145.24","United States","Cherry Hill","New Jersey",39.9348,-75.0307,8002,8002,1,"Camden","Cherry Hill","New Jersey"
"325","184.155.21.176","United States","Altus","Oklahoma",34.6484,-99.3205,73521,73521,1,"Jackson","Altus","Oklahoma"
"326","97.87.141.199","United States","Chesterfield","Missouri",38.6491,-90.5358,63017,63017,1,"St. Louis","Chesterfield","Missouri"
"327","174.24.148.81","United States","Fayetteville","North Carolina",35.0527,-78.8784,28301,28301,1,"Cumberland","Fayetteville","North Carolina"
"328","104.200.153.90","United States","Chicago","Illinois",41.8426,-87.6306,60616,60616,1,"Cook","Chicago","Illinois"
"329","199.212.86.49","United States","Seattle","Washington",47.4889,-122.3012,98168,98168,1,"King","Seattle","Washington"
"330","104.186.96.180","United States","Hutchinson","Kansas",38.0608,-97.9298,67501,67501,1,"Reno","Hutchinson","Kansas"
"331","74.254.156.178","United States","Demopolis","Alabama",32.5176,-87.8364,36732,36732,1,"Marengo","Demopolis","Alabama"
"332","47.32.90.245","United States","Sugar Hill","Georgia",34.1065,-84.0335,30518,30518,1,"Gwinnett","Buford","Georgia"
"333","68.5.171.214","United States","Mission Viejo","California",33.6,-117.672,92691,92691,1,"Orange","Mission Viejo","California"
"334","99.20.104.25","United States","Frisco","Texas",33.1507,-96.8236,75034,75034,1,"Denton","Frisco","Texas"
"335","64.189.131.17","United States","Lawrence","Kansas",38.9717,-95.2352,66045,66045,1,"Douglas","Lawrence","Kansas"
"336","72.95.95.50","United States","Orono","Maine",44.8831,-68.672,4473,4473,1,"Penobscot","Orono","Maine"
"337","24.210.204.146","United States","Erie","Pennsylvania",42.0738,-80.1484,16506,16506,1,"Erie","Erie","Pennsylvania"
"338","47.200.223.14","United States","Palmetto","Florida",27.5429,-82.563,34221,34221,1,"Manatee","Palmetto","Florida"
"339","162.104.105.64","United States","Olive Branch","Mississippi",34.9618,-89.8295,38654,38654,1,"DeSoto","Olive Branch","Mississippi"
"340","69.4.142.61","United States","Roseville","California",38.7521,-121.288,95678,95678,1,"Placer","Roseville","California"
"341","207.242.7.250","United States","Morton","Mississippi",32.3538,-89.6545,39117,39117,2,"Scott","Morton","Mississippi"
"342","207.242.7.250","United States","Morton","Mississippi",32.3538,-89.6545,39117,39117,2,"Scott","Morton","Mississippi"
"343","131.194.180.234","United States","San Antonio","Texas",29.4241,-98.4936,78205,78205,1,"Bexar","San Antonio","Texas"
"344","24.151.212.246","United States","Manchester","Tennessee",35.4958,-86.0816,37355,37355,1,"Coffee","Manchester","Tennessee"
"345","173.93.39.51","United States","Wilmington","North Carolina",34.2237,-77.8862,28403,28403,1,"New Hanover","Wilmington","North Carolina"
"346","104.220.41.93","United States","Walnut Creek","California",37.9063,-122.065,94596,94596,1,"Contra Costa","Walnut Creek","California"
"347","65.41.54.83","United States","Johnstown","Ohio",40.1537,-82.6852,43031,43031,1,"Licking","Johnstown","Ohio"
"348","50.45.19.112","United States","Carbondale","Illinois",37.7273,-89.2168,62901,62901,3,"Jackson","Carbondale","Illinois"
"349","50.40.218.64","United States","Carbondale","Illinois",37.7273,-89.2168,62901,62901,3,"Jackson","Carbondale","Illinois"
"350","173.87.222.50","United States","Carbondale","Illinois",37.7273,-89.2168,62901,62901,3,"Jackson","Carbondale","Illinois"
"351","108.21.104.251","United States","Massapequa","New York",40.6807,-73.4743,11758,11758,2,"Nassau","Massapequa","New York"
"352","108.21.104.251","United States","Massapequa","New York",40.6807,-73.4743,11758,11758,2,"Nassau","Massapequa","New York"
"353","68.181.207.219","United States","Los Angeles","California",33.7866,-118.2987,90089,90089,1,"Los Angeles","Los Angeles","California"
"354","97.88.230.7","United States","Rochester","Minnesota",44.1078,-92.4053,55906,55906,1,"Olmsted","Rochester","Minnesota"
"355","205.215.244.122","United States","Baltimore","Maryland",39.2904,-76.6122,21201,21201,1,"Baltimore","Baltimore","Maryland"
"356","71.95.123.118","United States","Kennewick","Washington",46.2112,-119.1372,99336,99336,1,"Benton","Kennewick","Washington"
"357","32.214.220.248","United States","Wallingford","Connecticut",41.457,-72.8232,6492,6492,1,"New Haven","Wallingford","Connecticut"
"358","198.8.80.65","United States","Los Angeles","California",34.0443,-118.2509,90014,90014,1,"Los Angeles","Los Angeles","California"
"359","24.242.202.64","United States","Nederland","Texas",29.9744,-93.9924,77627,77627,1,"Jefferson","Nederland","Texas"
"360","50.205.217.201","United States","Tuckahoe","Virginia",37.5902,-77.5564,23226,23226,1,"Richmond","Richmond","Virginia"
"361","184.61.38.247","United States","La Vergne","Tennessee",36.0156,-86.5819,37086,37086,1,"Rutherford","La Vergne","Tennessee"
"362","172.98.84.196","United States","Atlanta","Georgia",33.7525,-84.3888,30303,30303,1,"Fulton","Atlanta","Georgia"
"363","66.87.80.124","United States","Arbutus","Maryland",39.2309,-76.6969,21227,21227,1,"Baltimore","Halethorpe","Maryland"
"364","50.90.22.251","United States","Indianapolis","Indiana",39.8082,-86.1014,46218,46218,1,"Marion","Indianapolis","Indiana"
"365","38.124.248.34","United States","Raleigh","North Carolina",35.7076,-78.6563,27603,27603,1,"Wake","Raleigh","North Carolina"
"366","67.197.249.14","United States","Rock Hill","South Carolina",34.9249,-81.0251,29730,29730,2,"York","Rock Hill","South Carolina"
"367","67.197.97.163","United States","Rock Hill","South Carolina",34.9249,-81.0251,29730,29730,2,"York","Rock Hill","South Carolina"
"368","173.23.233.176","United States","Gibson City","Illinois",40.4584,-88.3846,60936,60936,1,"Ford","Gibson City","Illinois"
"369","98.222.200.60","United States","Wilmette","Illinois",42.0722,-87.7228,60091,60091,1,"Cook","Wilmette","Illinois"
"370","74.4.220.64","United States","Ocala","Florida",29.1605,-82.1288,34471,34471,1,"Marion","Ocala","Florida"
"371","74.195.248.8","United States","Stillwater","Oklahoma",36.1043,-97.0609,74074,74074,1,"Payne","Stillwater","Oklahoma"
"372","24.186.223.88","United States","Mahwah","New Jersey",41.0887,-74.1438,7495,7495,1,"Bergen","Mahwah","New Jersey"
"373","71.52.180.192","United States","Cape Coral","Florida",26.6065,-81.9502,33904,33904,1,"Lee","Cape Coral","Florida"
"374","65.189.246.2","United States","Middletown","Ohio",39.5151,-84.3983,45044,45044,1,"Butler","Middletown","Ohio"
"375","71.13.246.52","United States","West Bend","Wisconsin",43.4253,-88.1834,53095,53095,1,"Washington","West Bend","Wisconsin"
"376","67.140.199.88","United States","Toccoa","Georgia",34.5773,-83.3324,30577,30577,1,"Stephens","Toccoa","Georgia"
"377","50.5.186.82","United States","Hamilton","Ohio",39.3995,-84.5613,45011,45011,1,"Butler","Hamilton","Ohio"
"378","208.98.163.19","United States","Challis","Idaho",44.5046,-114.2317,83226,83226,1,"Custer","Challis","Idaho"
"379","24.107.157.79","United States","Olivette","Missouri",38.6653,-90.376,63132,63132,1,"St. Louis","Saint Louis","Missouri"
"380","184.170.165.251","United States","Vincennes","Indiana",38.6773,-87.5286,47591,47591,1,"Knox","Vincennes","Indiana"
"381","50.103.197.146","United States","DeKalb","Illinois",41.9295,-88.7504,60115,60115,2,"DeKalb","Dekalb","Illinois"
"382","104.235.87.236","United States","DeKalb","Illinois",41.9295,-88.7504,60115,60115,2,"DeKalb","Dekalb","Illinois"
"383","68.70.209.182","United States","Silver City","New Mexico",32.7701,-108.2803,88061,88061,1,"Grant","Silver City","New Mexico"
"384","24.95.45.95","United States","Waterford","Ohio",39.5423,-81.6398,45786,45786,1,"Washington","Waterford","Ohio"
"385","67.11.212.60","United States","San Antonio","Texas",29.5395,-98.4194,78217,78217,1,"Bexar","San Antonio","Texas"
"386","107.152.104.145","United States","Weehawken","New Jersey",40.7696,-74.0204,7086,7086,1,"Hudson","Weehawken","New Jersey"
"387","68.8.3.12","United States","El Cajon","California",32.7948,-116.9625,92020,92020,1,"San Diego","El Cajon","California"
"388","71.1.28.179","United States","Wilson","North Carolina",35.7715,-77.973,27896,27896,1,"Wilson","Wilson","North Carolina"
"389","75.137.215.113","United States","Leeds","Alabama",33.5482,-86.5444,35094,35094,1,"Shelby","Leeds","Alabama"
"390","174.21.117.129","United States","Seattle","Washington",47.6488,-122.3964,98199,98199,1,"King","Seattle","Washington"
"391","199.249.223.78","United States","San Angelo","Texas",31.4782,-100.4818,76901,76901,2,"Tom Green","San Angelo","Texas"
"392","199.249.223.72","United States","San Angelo","Texas",31.4782,-100.4818,76901,76901,2,"Tom Green","San Angelo","Texas"
"393","98.192.140.206","United States","Lynn Haven","Florida",30.2455,-85.6483,32444,32444,1,"Bay","Lynn Haven","Florida"
"394","141.101.88.197","United States","San Francisco","California",37.7621,-122.3971,94107,94107,3,"San Francisco","San Francisco","California"
"395","173.245.50.90","United States","San Francisco","California",37.7621,-122.3971,94107,94107,3,"San Francisco","San Francisco","California"
"396","173.245.50.126","United States","San Francisco","California",37.7621,-122.3971,94107,94107,3,"San Francisco","San Francisco","California"
